movie_title;link
The Shawshank Redemption;https://www.imdb.com/title/tt0111161/ 
Fight Club;https://www.imdb.com/title/tt0137523/
The Dark Knight;https://www.imdb.com/title/tt0468569/
Pulp Fiction;https://www.imdb.com/title/tt0110912/
Inception;https://www.imdb.com/title/tt1375666/
The Godfather;https://www.imdb.com/title/tt0068646/
Interstellar;https://www.imdb.com/title/tt0816692/
Forrest Gump;https://www.imdb.com/title/tt0109830/
The Lord of the Rings The Return of the King;https://www.imdb.com/title/tt0167260/
The Empire Strikes Back;https://www.imdb.com/title/tt0080684/
The Lord of the Rings The Fellowship of the Ring;https://www.imdb.com/title/tt0120737/
Star Wars;https://www.imdb.com/title/tt0076759/